Continent,Coal,Oil,Gas,Cement,Flaring,Other
Africa,428.128234,513.141868,305.151832,78.549334,54.332319,0
Asia,11718.74537,5022.884393,3833.103859,1351.606237,175.118661,216.7616
Europe,799.898492,1401.43552,1024.603697,85.631586,25.735334,41.458673
North America,958.6471,2582.143658,2064.198492,75.717552,95.119575,27.381025
Australia,164.506534,168.835014,93.150958,3.228703,18.156204,4.308389
South America,102.75526,554.48632,236.081446,42.353079,39.121578,6.392
